site name,site #,LAT,LONG,year,groundwater depth (cm),st error gw,avg river flow (cfs)(USGS),st error river flow,sum annual precip (mm),total leaves (g/m2),native leaves (g/m2),exotic leaves (g/m2),other leaves (g/m2),cottonwood leaves (g/m2),willow leaves (g/m2),seepwillow leaves (g/m2),NM olive leaves (g/m2),thicket creeper leaves (g/m2),indigo-bush leaves (g/m2),saltcedar leaves (g/m2),Russian olive leaves (g/m2),elm leaves (g/m2),mulberry leaves (g/m2),cottonwood reproductive parts (g/m2),total reproductive parts (g/m2),total wood fall (g/m2),# Carabids,# Tenebrionids,# Isopods
Alameda,1,35.18805064,-106.6469194,1997,256.425,9.1761,2073.22,603.99,292,260.38,234.37,24.793,1.223,181.5,0.323,0.04614,52.4996,,0,0.415,2.33,22.047,,,30.652,169.96,19.75,10,125.83
Alameda,1,35.18805064,-106.6469194,1998,260.194,4.1205,1041.33,160.08,164.8,218.33,204.22,13.434,0.681,152.85,1.938,0,49.4301,,0,0.126,0.451,12.857,,,73.695,109.39,34.7,5,342
Alameda,1,35.18805064,-106.6469194,1999,267.4,5.3821,1325.25,279.48,194.8,335,314.14,18.137,2.73,276.52,2.894,0.34178,34.3839,,0,0.691,4.578,12.867,,,43.336,172.8,41.37,6,104.5
Alameda,1,35.18805064,-106.6469194,2000,266.792,4.9021,755.33,58.17,173.6,323.08,287.36,27.293,8.43,253.05,4.777,0.3076,29.2237,,0,0.517,4.047,22.729,,,51.639,135.18,19.4,5,56.67
Alameda,1,35.18805064,-106.6469194,2001,271.002,5.0171,726.58,159.05,96.85,269.44,246.4,20.007,3.03,222.35,1.678,0.00769,22.3582,,0,0.232,2.533,17.242,,,68.993,167.46,9.83,11.83,59.75
Alameda,1,35.18805064,-106.6469194,2002,278.33,5.2151,479.67,40.74,103.6,222.22,180.08,41.799,0.334,172.34,0.081,0,7.6635,,0,0.079,28.133,13.587,,,89.514,136.74,13.83,16.5,34.75
Alameda,1,35.18805064,-106.6469194,2003,277.164,3.9837,423.5,39.29,114.9,296.14,277.12,18.987,0.031,226.67,0.984,0,49.4698,,0,0.223,0.361,18.402,,,84.052,124.06,14,19,21
Alameda,1,35.18805064,-106.6469194,2004,277.427,3.355,733.25,161.9,265.35,268.61,257.61,10.651,0.354,206.06,1.13,0,50.4156,,0,0.185,0.069,10.397,,,68.964,153.48,7,29.5,74.25
Alameda,1,35.18805064,-106.6469194,2005,265.336,10.4592,1761.36,557.78,148.35,274.47,260.54,12.202,1.725,210.89,2.382,0,47.2653,,0,0.493,0.332,11.378,,,75.472,43.06,18.33,2,36.83
Alameda,1,35.18805064,-106.6469194,2006,277.072,9.4638,688.08,78.22,276.15,249.68,236.75,11.436,1.495,192.64,0.455,0.78438,42.8726,,0,1.623,0.423,9.39,,,119.855,291.34,14,5,141.67
Alameda,1,35.18805064,-106.6469194,2007,265.872,5.0942,954.75,192.87,230.7,274.99,246.66,10.282,18.048,191.85,0.869,0.69979,52.9764,0.26915,0,0.015,0.023,10.235,0.0077,66.9876,71.286,258.36,16.2,8,303.42
Alameda,1,35.18805064,-106.6469194,2008,263.018,7.3857,1381.5,319.02,155.3,320.54,266.38,13.65,40.511,223.56,6.467,0.00769,36.3276,0.02307,0,0.038,6.69,6.921,0,32.9593,41.664,137.26,8,15.92,231.72
Alameda,1,35.18805064,-106.6469194,2009,266.34,8.5573,1150.75,297.58,186.25,311.74,275.52,12.36,23.862,250.13,11.017,0.00769,13.8745,0.48832,0,0.087,0.103,12.169,0,41.0475,47.175,309.81,3,9.5,117.1
Alameda,1,35.18805064,-106.6469194,2010,272.315,7.1085,1109.67,277.36,207,250.09,229.84,10.688,9.56,190.45,0.11,2.5377,36.718,0.02307,0,0.386,0.063,10.23,0.0085,67.0184,76.379,371.05,5,15,141.4
Alameda,1,35.18805064,-106.6469194,2011,282.658,4.3523,604.75,62.36,110.3,344.43,325.17,11.166,8.093,275.08,4.26,0,45.8093,0.01538,0.00769,0.856,0.023,10.287,0,65.3562,67.648,117.73,3,8.5,13.83
Alameda,1,35.18805064,-106.6469194,2012,286.377,3.8597,538.92,77.89,82.15,270.75,256.03,12.25,2.468,202.85,4.96,0.00769,48.2009,0.00769,0.00769,0.3,0.031,11.92,0,21.186,25.5,107.65,5.33,16.5,17.17
Alameda,1,35.18805064,-106.6469194,2013,290.1,4.6444,558.58,125.61,220.3,280.96,273.46,6.65,0.857,211.83,5.521,0.01154,56.0947,0,0,0.094,0.069,5.694,0.7921,29.9083,31.931,163.31,0,9.67,5.33
Alameda,1,35.18805064,-106.6469194,2014,279.683,2.9828,594.42,54.01,122.9,340.47,267.6,19.21,53.669,176.24,7.382,0.6921,83.275,0.00769,0,0.215,1.776,17.218,0,42.6949,56.829,130.61,0,9.33,20
Alameda,1,35.18805064,-106.6469194,2015,262.583,5.5297,1029.83,214.46,298.15,371.29,336.48,28.292,6.513,240.97,7.759,0.2307,87.5122,0.01538,0,3.161,0.023,25.1,0.0077,59.5821,85.059,100.71,2,5,66.55
Rio Grande Nature Center,2,35.12675286,-106.6884322,1997,166.25,8.0541,1875.29,669.11,216.25,185.16,169.72,9.523,5.911,169.71,0.015,0,0,,0,0.085,9.26,0.177,,,14.767,45.04,18.5,6.75,31.17
Rio Grande Nature Center,2,35.12675286,-106.6884322,1998,178.558,3.3038,1041.5,160.02,181,182.83,138.47,23.229,21.128,138.39,0.026,0.00769,0.0427,,0,0.025,21.213,1.992,,,27.426,263.15,16.67,7.5,375.17
Rio Grande Nature Center,2,35.12675286,-106.6884322,1999,178.665,3.7105,1366,297.51,212.65,281.54,265.6,13.184,2.757,265.25,0.356,0,0,,0,3.193,8.745,1.246,,,14.03,175.57,12.75,5,73.5
Rio Grande Nature Center,2,35.12675286,-106.6884322,2000,184.814,2.1016,761.25,58.52,185.75,225.73,214.41,5.723,5.599,213.69,0.629,0,0.0923,,0,0.349,5.298,0.077,,,15.644,52.54,11,10.83,38.67
Rio Grande Nature Center,2,35.12675286,-106.6884322,2001,187.981,2.0358,717.75,135.08,102,271.45,260.66,7.317,3.464,260.39,0.032,0,0.2469,,0,1.177,6.133,0.008,,,31.618,80.05,10.5,18.08,13
Rio Grande Nature Center,2,35.12675286,-106.6884322,2002,196.382,1.4412,530.92,76.2,163.25,189.55,150.86,1.741,36.958,148.31,1.184,0,1.3569,,0,0.023,1.717,0,,,17.05,112.67,6,5,1
Rio Grande Nature Center,2,35.12675286,-106.6884322,2003,205.163,2.1826,443,47.47,78.4,172.33,146.15,26.125,0.054,142.76,3.391,0,0,,0,0,26.11,0.015,,,24.029,33.41,1,7.5,
Rio Grande Nature Center,2,35.12675286,-106.6884322,2004,203.745,4.9158,726.33,161.83,239.5,162.84,161.87,0.115,0.854,161.79,0.085,0,0,,0,0.1,0.015,0,,,41.18,90.53,3,16.33,4
Rio Grande Nature Center,2,35.12675286,-106.6884322,2005,203.742,6.2477,1662.92,518.98,202.3,176.88,175.51,0.008,1.356,175.44,0.077,0,0,,0,0.008,0,0,,,45.246,16.79,10,8,13.33
Rio Grande Nature Center,2,35.12675286,-106.6884322,2006,202.017,2.081,708.83,97.41,210.15,162.34,159.54,1.469,1.33,159.5,0.038,0,0,,0,1.269,0.2,0,,,32.196,40.2,5,4.67,25.75
Rio Grande Nature Center,2,35.12675286,-106.6884322,2007,201.835,2.9735,947.92,195.98,171.55,162.11,148.97,0.288,12.854,148.8,0.17,0,0,0,0,0.008,0.009,0.272,0,11.5,24.728,28.52,10.83,11,102.17
Rio Grande Nature Center,2,35.12675286,-106.6884322,2008,197.828,4.4625,1403.25,330.12,154.5,194.62,174.15,0.085,20.386,174.15,0,0,0,0,0,0.008,0.077,0,0,15.8568,16.91,86.02,5,11.25,57.87
Rio Grande Nature Center,2,35.12675286,-106.6884322,2009,196.677,3.204,1137.17,301.12,115,173.43,170.57,0,2.862,170.57,0,0,0,0,0,0,0,0,0,27.4029,27.435,17.87,3,11,6
Rio Grande Nature Center,2,35.12675286,-106.6884322,2010,191.945,2.6634,1015.25,251.21,184,209.9,199.36,0.008,10.528,199.36,0,0,0,0,0,0,0.008,0,0,29.4143,32.998,30.22,2,12,8
Rio Grande Nature Center,2,35.12675286,-106.6884322,2011,199.203,1.5713,647.25,73.71,136.15,215.35,213.36,0.102,1.89,213.36,0,0,0,0,0,0.04,0.038,0.023,0,20.6246,22.978,179.99,1,10.5,4
Rio Grande Nature Center,2,35.12675286,-106.6884322,2012,202.02,1.654,554.5,79.87,83.5,205.98,202.5,0.008,3.476,202.5,0,0,0,0,0,0.008,0,0,0,11.5581,15.711,23,9,13,2
Rio Grande Nature Center,2,35.12675286,-106.6884322,2013,201.803,1.6787,499,82.64,160.1,230.25,225.98,0.054,4.214,225.96,0.015,0,0,0,0,0.031,0,0.023,0,11.435,11.943,69.58,0,5,3
Rio Grande Nature Center,2,35.12675286,-106.6884322,2014,195.737,1.2524,623.08,83.47,133.55,171.74,163.69,0.038,8.013,163.67,0.015,0,0,0,0,0.015,0.008,0.008,0.0077,6.152,6.875,35.05,1,11.08,1
Rio Grande Nature Center,2,35.12675286,-106.6884322,2015,184.487,2.3483,973.67,177.49,287.65,149.07,144.29,0.023,4.76,144.19,0.1,0,0,0,0,0.008,0.008,0.008,0,13.4191,17.303,26.23,6,3,24
Los Lunas,3,34.81236936,-106.7144581,1997,,,2105.2,764.54,56.8,196.22,174.99,6.22,15.015,156.1,18.336,0,0.5537,,0,0.015,3.286,2.919,,,0.656,16.68,,,
Los Lunas,3,34.81236936,-106.7144581,1998,,,612.5,116.78,264.5,228.8,205.61,4.587,18.599,180.92,23.332,0.0423,1.312,,0,0,3.262,1.325,,,69.513,243.19,7.1,4,213.93
Los Lunas,3,34.81236936,-106.7144581,1999,96.48,1.1313,1009.33,225.11,68.5,341.98,316.9,4.42,20.663,292.96,22.742,0,1.192,,0,0.015,2.887,1.517,,,22.646,135.84,11.5,6,184.33
Los Lunas,3,34.81236936,-106.7144581,2000,94.6,1.0582,575.67,78.08,182.2,250.07,225.96,5.027,19.087,207.39,13.434,5.00469,0.1324,,0,0.008,1.095,3.925,,,60.793,105.42,9.5,6,209
Los Lunas,3,34.81236936,-106.7144581,2001,100.486,2.2992,441.83,87.23,107.6,393.51,366.52,10.458,16.526,340.37,25.831,0.16149,0.1547,,0.00769,0,2.861,7.598,,,44.102,56.14,8,8.17,362.8
Los Lunas,3,34.81236936,-106.7144581,2002,107.352,1.9236,221.23,55.27,182.15,188.75,169.2,0.96,18.592,145.7,21.832,1.3073,0.359,,0,0.025,0.723,0.211,,,70.375,45.62,7.67,10.5,289.17
Los Lunas,3,34.81236936,-106.7144581,2003,141.302,11.6632,381.67,41.57,114.6,431.44,396.73,13.798,20.909,358.37,38.137,0.08459,0.0923,,0.04614,0.008,5.17,8.62,,,81.737,83.86,7,9.5,225.58
Los Lunas,3,34.81236936,-106.7144581,2004,142.327,12.0561,749.08,220.08,192.15,340.86,286.98,10.512,43.364,259.43,26.83,0.31529,0,,0.40757,0.523,2.492,7.498,,,49.916,48.93,4,16,477.17
Los Lunas,3,34.81236936,-106.7144581,2005,105.525,8.1543,1633.58,516.95,189.3,352.78,301.1,25.669,26.008,268.25,30.152,0.1538,2.3147,,0.2307,0.008,13.258,12.404,,,55.46,86.94,14,9,366.33
Los Lunas,3,34.81236936,-106.7144581,2006,125.433,4.6934,499.83,118.42,173.65,360.41,328.98,21.844,9.58,303.35,25.357,0.02392,0.0846,,0.16918,0,10.969,10.875,,,101.27,270.56,17.5,10,287
Los Lunas,3,34.81236936,-106.7144581,2007,127.185,5.7728,925.58,210.11,171.4,361.29,298.96,54.958,7.365,267.53,30.476,0.18627,0.0162,0.74678,0.00769,0.008,20.368,20.617,13.965,47.8591,56.803,281.13,13.5,4,245.75
Los Lunas,3,34.81236936,-106.7144581,2008,122.025,8.808,1073.92,242.59,147.75,324.12,290.95,28.43,4.737,263.98,22.455,2.78378,0,1.39189,0.33836,0.308,11.943,12.781,3.399,65.6572,71.586,39.91,11,12.17,118.5
Los Lunas,3,34.81236936,-106.7144581,2009,128.383,8.7321,877.42,314.09,170.5,324.66,264.71,48.934,11.01,237.4,25.961,0.09228,0.0231,0.90827,0.32298,0.092,19.304,16.011,13.5267,72.7277,77.804,62.66,18.5,10.92,187.43
Los Lunas,3,34.81236936,-106.7144581,2010,137.392,7.7073,654.08,167.86,190.3,352.66,283.72,63.735,5.206,261.11,22.001,0,0.0077,0.42295,0.17687,0.023,24.162,25.977,13.5729,72.3168,86.174,55.43,4,5,173.5
Los Lunas,3,34.81236936,-106.7144581,2011,148.483,5.4767,359.25,104.72,167,379.51,319.75,53.515,6.244,286.74,24.516,3.64506,0.0077,0.09997,4.74473,0.031,20.232,22.916,10.3354,62.2044,73.855,35.16,8.33,7,370.63
Los Lunas,3,34.81236936,-106.7144581,2012,164.817,11.8626,356.93,87.21,112.05,327.89,248.03,67.395,12.458,223.35,24.147,0,0,0.52292,0.01538,0.046,20.548,32.683,14.1188,41.7952,57.675,38.09,6,8.75,442.7
Los Lunas,3,34.81236936,-106.7144581,2013,153.035,4.4955,423.67,112.23,216.8,368.4,315.27,50.3,2.83,291.21,17.256,0.39988,5.9751,0.18456,0.24608,0.015,14.396,34.559,1.3304,54.053,60.074,112.04,9,4.33,250
Los Lunas,3,34.81236936,-106.7144581,2014,152.518,2.0639,342.17,77.89,131.05,363.06,280.91,63.666,18.487,255.75,21.84,0.00769,0.2153,2.70688,0.3845,0,13.727,38.242,11.6965,47.4857,56.56,371.26,10,6.17,939.5
Los Lunas,3,34.81236936,-106.7144581,2015,129.973,9.7081,657.33,187.11,176.15,401,330.89,66.995,3.114,308.38,21.501,0.01538,0,0.96894,0.03076,0,20.417,38.135,8.4436,37.9271,47.955,22.55,10,6,4155.55
Belen,4,34.6484315,-106.7377022,1998,92.082,6.8923,821.27,195.95,182.9,190.14,97.47,92.597,0.077,35.28,62.19,0,0,,0,0,92.597,0,,,18.53,15.34,21.98,5,683.07
Belen,4,34.6484315,-106.7377022,1999,87.34,4.996,1151.08,237.43,171.5,222.63,113.4,108.452,0.775,66.22,47.184,0,0,,0,0.008,108.437,0.008,,,21.179,18.68,37.17,1.5,246.87
Belen,4,34.6484315,-106.7377022,2000,91.151,2.6202,572.5,75.25,248.05,222.46,112.62,108.054,1.784,72.69,39.154,0,0.7767,,0,0,108.054,0,,,50.26,15.06,44.28,7,572.12
Belen,4,34.6484315,-106.7377022,2001,97.683,4.542,444.75,86.36,126.05,159.18,79.67,79.499,0.008,63.12,16.545,0,0.0077,,0,9.466,70.033,0,,,27.777,9.11,16.09,3,111.92
Belen,4,34.6484315,-106.7377022,2002,109.138,4.2812,214.72,61.98,138.7,192.57,119.43,72.04,1.1,99.67,19.763,0,0,,0,0.2,71.84,0,,,26.894,12.1,13.89,4,77.75
Belen,4,34.6484315,-106.7377022,2003,118.463,6.4106,196.22,65.47,149.7,226.54,151.32,73.105,2.11,134.17,16.535,0.11151,0.5037,,0,0,73.09,0.015,,,37.475,23.87,29.47,13.83,515.92
Belen,4,34.6484315,-106.7377022,2004,115.25,12.0374,540.84,175.84,262.85,258.85,197.24,61.597,0.008,179.11,18.136,0,0,,0,0,61.597,0,,,40.06,19.93,21.5,16.75,804.07
Belen,4,34.6484315,-106.7377022,2005,101.038,14.5361,1612.83,520.12,154,335.68,259.74,75.94,0,206.71,53.026,0,0,,0,0.009,75.931,0,,,70.914,17.84,19.81,2,431.93
Belen,4,34.6484315,-106.7377022,2006,121.983,8.0236,534,145.86,290,286.13,195.74,90.081,0.315,184.79,10.765,0.17687,0,,0,0.161,89.919,0,,,87.536,23.35,15.67,11.17,863.9
Belen,4,34.6484315,-106.7377022,2007,116.55,10.1887,635.67,147.24,196.7,270.51,175.29,94.71,0.511,172.9,2.386,0,0,0,0,0,94.71,0,0,28.5154,59.819,20.53,65.36,8.58,1239.47
Belen,4,34.6484315,-106.7377022,2008,99.779,11.5951,1214.67,292.26,194.7,361.02,276,78.785,6.235,268.74,6.172,1.08429,0,0,0,0.027,78.673,0,0.0854,16.1817,98.212,66.39,21.72,4.33,469.23
Belen,4,34.6484315,-106.7377022,2009,109.277,11.4585,863.5,312.11,115.35,313.44,246.04,66.783,0.614,241.97,4.054,0,0.0182,0,0,0,66.775,0.008,0,16.9295,31.274,57.12,25.17,0,757.78
Belen,4,34.6484315,-106.7377022,2010,120.03,11.4386,616.91,196.75,154.8,226.81,174.32,51.841,0.655,168.35,5.96,0,0,0,0.00769,0.015,51.741,0.077,0.0077,41.8644,54.427,25.49,17,17,380.43
Belen,4,34.6484315,-106.7377022,2011,134.433,7.2345,371.58,114.63,143.5,219.15,177.2,40.79,1.17,170.08,7.108,0,0,0,0.00769,0.023,40.767,0,0,36.2968,45.465,26.82,9,8,180.85
Belen,4,34.6484315,-106.7377022,2012,133.864,8.2266,380.91,96.42,159.25,211.3,165.19,45.293,0.811,157.48,7.717,0,0,0,0,0.015,45.278,0,0,16.7651,34.982,16.63,12.5,9.25,317.42
Belen,4,34.6484315,-106.7377022,2013,133.575,7.3031,363.92,120,259.4,269.26,221.96,46.908,0.396,215.59,6.368,0,0,0,0,0,46.9,0.008,0,30.8019,37.786,19.68,12,16.2,76.83
Belen,4,34.6484315,-106.7377022,2014,131.073,5.6424,336.5,79.96,196.5,250.37,184.7,55.083,10.589,179.32,5.368,0,0,0,0.01538,0.015,55.053,0.015,0,38.6115,54.984,587.3,18,11.25,177.98
Belen,4,34.6484315,-106.7377022,2015,113.002,9.3088,700.83,189.43,251.3,284.5,222.52,61.474,0.508,221.82,0.7,0,0,0,0,0,61.474,0,0,24.3004,39.104,22.17,19.83,5,1023.52
Santa Ana,5,35.34283611,-106.5458472,1999,,,,,94.5,359.09,358.78,0.315,0,358.78,0,0,0,,0,0.308,0,0.008,,,4.202,61.69,4.67,0,21.67
Santa Ana,5,35.34283611,-106.5458472,2000,,,,,146.55,552.35,551.99,0.331,0.023,551.99,0,0,0,,0,0,0.331,0,,,34.495,280.48,0,3,31.83
Santa Ana,5,35.34283611,-106.5458472,2001,,,,,142.75,976.99,955.53,1.246,20.217,955.49,0.023,0,0.0154,,0,1.23,0.015,0,,,30.929,258.76,0,0,3
Santa Ana,5,35.34283611,-106.5458472,2002,,,,,107.05,719.77,719.45,0.009,0.316,721.72,0,0,0,,0,0,0.009,0,,,35.559,60.58,0,0,12.5
Santa Ana,5,35.34283611,-106.5458472,2003,,,,,76.1,716.43,715.71,0.031,0.692,715.71,0,0,0,,0,0.023,0.008,0,,,50.362,77.11,,,
Santa Ana,5,35.34283611,-106.5458472,2004,,,,,,506.83,506.83,0,0,506.82,0.01,0,0,,0,0,0,0,,,21.234,29.96,0,0,0
Santa Ana,5,35.34283611,-106.5458472,2005,,,,,,1047.84,1047.81,0.022,0.011,1046.62,1.196,0,0,,0,0.022,0,0,,,80.216,105.25,,,
Santa Ana,5,35.34283611,-106.5458472,2006,,,,,,260.84,260.77,0.077,0,260.77,0,0,0,,0,0,0.077,0,,,54.043,149.81,,,
Santa Ana,5,35.34283611,-106.5458472,2007,,,2520,,25.6,152.81,150.31,0,2.501,150.3,0,0,0.0085,0,0,0,0,0,0,30.8369,30.869,56.02,,,
Santa Ana,5,35.34283611,-106.5458472,2008,,,,,72.75,404.06,386.55,0,17.514,386.55,0,0,0,0,0,0,0,0,0,48.324,59.181,52.5,,,
Santa Ana,5,35.34283611,-106.5458472,2009,,,,,92.35,374.59,370.28,0.016,4.3,370.25,0.008,0,0.0231,0,0,0.008,0.009,0,0,42.741,45.433,158.06,1,2,17.33
Santa Ana,5,35.34283611,-106.5458472,2010,,,,,206.4,491.52,464.44,0.427,26.65,464.34,0.015,0,0.0769,0,0.00769,0.427,0,0,0,45.3402,57.875,115.71,3,5.33,183.6
Santa Ana,5,35.34283611,-106.5458472,2011,,,,,145.25,559.38,545.15,0.938,13.288,544.94,0.015,0,0.1923,0,0,0.93,0,0.008,0,41.4183,47.109,122.5,0,7.5,78.95
Santa Ana,5,35.34283611,-106.5458472,2012,,,,,100.95,288.63,286.48,0.015,2.138,286.46,0.008,0,0.0077,0,0,0,0,0.015,0,20.7322,31.583,70,1,3,67.25
Santa Ana,5,35.34283611,-106.5458472,2013,,,447,,222.5,244.77,240.88,0.015,3.868,240.72,0.161,0,0,0,0,0.015,0,0,0,19.3404,19.725,82.3,0,7,17.33
Santa Ana,5,35.34283611,-106.5458472,2014,,,,,161.65,132.89,120.11,0.031,12.75,120.08,0.015,0,0.0154,0,0,0,0.015,0.015,0,5.1831,16.087,113.65,0,9,52.25
Santa Ana,5,35.34283611,-106.5458472,2015,,,,,306.75,155.59,143.68,0.015,11.89,143.57,0.008,0,0.1,0,0.00769,0.008,0,0.008,0,13.9967,32.43,1130.86,1,11.83,88.24
Savannah,6,35.14285294,-106.6819814,2000,116.1,1.8553,767.5,71.72,215.55,138.66,92.61,36.024,10.028,86.54,5.973,0,0.0077,,0.08544,3.704,31.988,0.332,,,27.197,176.34,15,38.68,7
Savannah,6,35.14285294,-106.6819814,2001,122.884,3.1214,712.92,136.28,143.4,104.63,60.66,30.55,13.425,60.59,0.062,0,0.0077,,0,5.158,25.23,0.161,,,12.73,36.77,19.42,35.17,49.33
Savannah,6,35.14285294,-106.6819814,2002,133.852,1.6107,480.42,42.95,141.75,101.01,74.22,19.485,7.309,73.84,0,0,0.3845,,0,5.447,14.038,0,,,12.727,26.9,11,21.65,2
Savannah,6,35.14285294,-106.6819814,2003,134.478,2.0946,441,49.48,86.45,113.85,77.35,33.375,3.123,76.89,0.154,0,0.3076,,0,0.835,32.54,0,,,8.175,95.54,3,8.17,0
Savannah,6,35.14285294,-106.6819814,2004,128.066,3.3621,730.92,168.39,188.1,119.64,53.74,50.138,15.76,53.74,0,0,0.0085,,0,5.619,44.425,0.093,,,16.196,15.03,1,28.2,0
Savannah,6,35.14285294,-106.6819814,2005,116.062,7.0834,1639.25,523.43,169.8,306.71,75.62,68.362,162.723,70.98,0.008,0,4.6371,,0,13.035,55.327,0,,,37.038,11.29,13.83,25.48,9
Savannah,6,35.14285294,-106.6819814,2006,127.784,2.5791,754.45,104.54,173.75,225.81,96.59,70.763,58.452,81.67,14.227,0,0.6998,,0,36.074,33.459,1.23,,,28.984,97.52,4.67,25.36,21
Savannah,6,35.14285294,-106.6819814,2007,120,3.4469,939,201.67,197.5,125.98,67.32,38.827,19.833,65.48,1.815,0,0.0154,0,0.00769,4.637,34.182,0.008,0,7.5747,15.557,40.53,13.25,18.78,47.67
Savannah,6,35.14285294,-106.6819814,2008,109.695,4.731,1387.5,330.97,147.15,148.29,91.8,38.114,18.381,83.75,7.252,0.16149,0.0154,0.08459,0.5383,13.473,24.165,0.477,0,19.5403,30.669,24.4,4,16.51,27.58
Savannah,6,35.14285294,-106.6819814,2009,110.679,4.5682,1142.83,316.17,162.15,188.24,93.87,64.049,30.326,89.09,4.742,0,0,0.03076,0,22.891,40.151,1.007,0,8.8367,13.015,25.49,22.17,32.92,26.5
Savannah,6,35.14285294,-106.6819814,2010,109.995,4.4901,1048.25,290.65,184.6,147.89,74.2,38.11,35.579,67.58,5.201,0.1538,1.1492,0.10851,0,10.911,24.544,0.177,2.4779,13.6062,15.608,12.46,12.75,20.58,22.17
Savannah,6,35.14285294,-106.6819814,2011,115.603,2.104,640.42,72.33,109.75,157.92,95.6,44.496,17.823,95.53,0.054,0,0,0.00769,0.00769,10.835,33.653,0.008,0,6.0144,7.849,24.59,7.17,19.12,10.33
Savannah,6,35.14285294,-106.6819814,2012,117.237,3.1083,557.33,90.57,93.3,198.08,106.94,75.677,15.457,103.05,3.66,0,0.1615,0,0.0769,21.324,54.353,0,0,8.0822,10.704,14.25,18.01,12.5,24.67
Savannah,6,35.14285294,-106.6819814,2013,118.23,3.2345,567.58,127.04,150.4,220.33,134.87,64.16,21.307,134.66,0.111,0,0,0,0.09228,22.968,41.177,0.015,0,8.7391,13.233,20.38,1,12.5,10
Savannah,6,35.14285294,-106.6819814,2014,108.718,1.8207,591.33,56.17,128,165.14,99.92,57.698,7.529,97.69,1.623,0.47678,0.1154,0.00769,0,18.518,36.274,0.015,2.8914,10.1816,16.172,40.96,2.33,12.83,17.5
Savannah,6,35.14285294,-106.6819814,2015,97.327,3.2634,1031.75,171.73,284.75,211.64,102.72,72.909,36.02,102.36,0.108,0,0.2461,0,0,23.185,49.639,0.085,0,6.698,25.777,17.99,10,22.2,101.33
Lemitar,7,34.16703189,-106.8899486,2000,269.25,3.2766,597.5,117.57,47,29.7,10.85,18.487,0.361,10.85,0,0,0,,0,18.487,0,0,,,0.131,4.38,,,
Lemitar,7,34.16703189,-106.8899486,2001,258.679,3.4037,507.42,86.92,108.35,44,23.89,18.692,1.418,23.88,0.008,0,0,,0,18.692,0,0,,,2.387,11.75,1,13.33,0
Lemitar,7,34.16703189,-106.8899486,2002,267.625,1.8455,324.92,65.37,173,34.93,18.99,10.988,4.952,18.99,0,0,0,,0,10.988,0,0,,,6.813,5.02,2,19.22,3
Lemitar,7,34.16703189,-106.8899486,2003,279.652,2.5873,277.28,77.76,81.65,5.67,4.67,0.738,0.261,4.67,0,0,0,,0,0.661,0.077,0,,,1.221,2.17,0,4.5,0
Lemitar,7,34.16703189,-106.8899486,2004,277.471,3.278,609.04,171.98,235.95,33.26,19.38,13.798,0.077,19.38,0,0.00769,0,,0,13.491,0.308,0,,,0.139,0.19,4.5,28.25,2
Lemitar,7,34.16703189,-106.8899486,2005,266.595,3.9302,1426.33,447.02,190.95,42.28,20.3,21.973,0.008,20.3,0,0,0,,0,21.973,0,0,,,4.483,3.31,4.5,87.41,2
Lemitar,7,34.16703189,-106.8899486,2006,270.548,2.4123,672,185.52,345.25,41.87,21.53,20.24,0.1,21.52,0.008,0,0,,0,20.225,0.015,0,,,3.222,29.55,2,16.33,1
Lemitar,7,34.16703189,-106.8899486,2007,261.364,3.2173,739,172.35,221.75,53.53,23.68,28.555,1.294,23.68,0,0,0,0,0,28.555,0,0,0,1.8148,6.459,22.08,5,20.83,1
Lemitar,7,34.16703189,-106.8899486,2008,259.981,4.2481,1279.58,275.99,157.3,30.16,12.13,13.565,4.46,12.12,0.015,0,0,0,0,13.55,0.015,0,0,2.753,7.69,15.63,6,23.17,1
Lemitar,7,34.16703189,-106.8899486,2009,269.734,4.0258,808.17,267.4,129.9,72.66,27.79,11.627,33.244,27.63,0.154,0.00769,0,0,0,11.62,0.008,0,0,1.8841,3.353,6.87,14.5,19.17,1
Lemitar,7,34.16703189,-106.8899486,2010,274.105,3.7169,793.75,212.82,162.5,62.43,25.72,27.423,9.29,25.71,0,0,0,0.00769,0,26.246,1.177,0,0,2.2882,6.419,1.36,9,14.3,1
Lemitar,7,34.16703189,-106.8899486,2011,275.789,1.3304,391.5,111.73,141.6,20.34,7.38,9.285,3.676,7.38,0,0,0,0,0,9.277,0.008,0,0,2.6728,12.174,3.39,1,20.06,2
Lemitar,7,34.16703189,-106.8899486,2012,278.444,2.715,377.42,90.51,106.6,42.29,13.62,23.07,5.598,13.61,0.008,0,0,0,0,23.07,0,0,0,0.4537,3.237,34.07,0,9.48,1
Lemitar,7,34.16703189,-106.8899486,2013,279.111,1.9075,855.67,515.67,191.9,35.47,11.94,20.307,3.226,11.94,0,0,0,0,0,20.307,0,0,0,1.8465,7.614,4.04,4.5,19.75,0
Lemitar,7,34.16703189,-106.8899486,2014,271.927,1.978,444.83,72.67,162.1,46.42,13.52,20.502,12.396,13.51,0.008,0,0,0,0,20.494,0,0.008,0,0.6383,1.307,2.85,3.5,14.83,0
Lemitar,7,34.16703189,-106.8899486,2015,267.512,1.9202,710.92,164.89,204.75,36.71,8.04,26.93,1.746,8.03,0.008,0,0,0,0,26.915,0.015,0,0,0.4768,0.846,25.39,9.5,15.48,8.5
Hispanic Cultural Center,8,35.06881267,-106.6580575,2002,147.492,3.3063,442.75,42.07,83.2,322.74,291.3,14.798,16.639,268.22,14.868,8.21121,0.0059,,0,0,13.688,1.111,,,99.464,322.98,5,57.35,58.08
Hispanic Cultural Center,8,35.06881267,-106.6580575,2003,144.067,2.3358,423.25,40.65,108.5,1032.45,928.14,78.609,25.702,914.3,8.01,0.9228,2.8328,,2.0763,1.328,44.87,32.411,,,104.325,210.48,4,57.67,95.33
Hispanic Cultural Center,8,35.06881267,-106.6580575,2004,137.562,4.5004,739.67,166.26,275.7,516.35,469.57,24.91,21.874,462.45,6.906,0,0.2085,,0,0,23.583,1.327,,,68.831,95.38,12,56.67,124.42
Hispanic Cultural Center,8,35.06881267,-106.6580575,2005,124.4,9.1339,1658.67,521.48,173.9,392.69,350.02,17.958,24.711,334.78,14.006,0,1.2381,,0,0,0.009,17.949,,,54.796,99.51,14,13.17,105.92
Hispanic Cultural Center,8,35.06881267,-106.6580575,2006,138.218,3.1208,721.33,97.52,198.3,492.6,410.99,60.534,21.08,382.36,20.835,0.00769,0.173,,7.6131,0,0.017,60.517,,,141.84,101.52,5.33,37.75,80.38
Hispanic Cultural Center,8,35.06881267,-106.6580575,2007,134.162,4.8788,948,195.64,201.3,401.94,355.22,39.857,6.865,340.09,15.124,0.00769,0,0,0,0.256,0,21.539,18.0621,74.1803,97.843,91.79,7.33,16.5,107.97
Hispanic Cultural Center,8,35.06881267,-106.6580575,2008,123.832,6.3438,1379.83,329.71,145.95,421.95,379,10.154,32.791,368.69,10.312,0,0,0,0,1.692,0.092,1.971,6.3983,96.3625,112.946,42.44,12,31.42,75
Hispanic Cultural Center,8,35.06881267,-106.6580575,2009,127.248,6.283,1123.83,303.36,185.5,569.5,550.54,14.758,4.204,537.13,13.099,0.00769,0,0,0.3076,0,0.015,8.813,5.9298,51.824,72.251,106.51,13,10.25,51.13
Hispanic Cultural Center,8,35.06881267,-106.6580575,2010,127.38,5.7406,1163,329.99,204.55,594.81,570.62,5.405,18.788,562.92,7.696,0,0,0,0,0,0.298,0.7,4.4072,58.0319,72.703,71.95,9,11.35,80.88
Hispanic Cultural Center,8,35.06881267,-106.6580575,2011,133.005,2.3611,634.08,69.79,143.3,744.57,688.92,4.68,50.973,673.62,14.91,0.09313,0.0308,0.17003,0.10082,0.008,0.071,2.979,1.6226,83.6296,106.898,111.28,13.5,6.5,43.75
Hispanic Cultural Center,8,35.06881267,-106.6580575,2012,135.715,3.0145,542.17,84.51,97.85,395.07,373.63,13.34,8.099,357.94,15.649,0.0393,0,0,0,0,2.742,3.313,7.2858,85.9657,90.786,41.6,16,17.95,67.05
Hispanic Cultural Center,8,35.06881267,-106.6580575,2013,133.331,3.589,595.25,137.74,240.3,390.24,372.28,0.549,17.418,360.93,10.238,0.02307,0.2307,0.00769,0.8459,0.008,0.054,0.48,0.0077,80.099,92.644,352.93,3,20.83,29.58
Hispanic Cultural Center,8,35.06881267,-106.6580575,2014,131.77,1.8244,587.33,55.93,171.3,318.29,277.16,12.358,28.768,256.34,20.646,0.16918,0.0077,0,0,0,0.008,6.601,5.7487,55.5227,58.553,56.09,7.5,27.82,114.02
Hispanic Cultural Center,8,35.06881267,-106.6580575,2015,117.932,3.8933,1067.83,172.5,204.6,398.85,367.82,16.774,14.25,351.76,14.966,0.6058,0.0171,0,0.47763,0,0.217,11.107,5.4505,64.8925,68.726,49.74,8.75,5,317.28
OO,9,36.06180175,-106.0761079,2002,,,804.56,122.26,,128.24,121.12,0.323,6.801,120.98,0.025,0,0.1154,,0,0,0.161,0.161,,,14.368,184.78,23.58,9.67,94.25
OO,9,36.06180175,-106.0761079,2003,,,769.58,85.94,,216.47,207.43,0.255,8.786,206.82,0.596,0.00769,0.0085,,0,0,0.077,0.179,,,90.721,25.86,11.33,6,168.58
OO,9,36.06180175,-106.0761079,2004,,,922.58,146.89,,136.9,125.34,0.792,10.768,121.56,3.78,0,0,,0,0,0.715,0.077,,,56.967,33.58,45,15.33,402.25
OO,9,36.06180175,-106.0761079,2005,,,1920.5,620.41,,153.31,123.21,3.701,26.402,115.6,7.605,0.00769,0,,0,0.015,3.685,0,,,90.984,44.38,25.6,1,56.42
OO,9,36.06180175,-106.0761079,2006,,,994.58,75.62,,147.09,103.58,3.278,40.232,85.19,18.391,0,0,,0,0,3.047,0.231,,,38.101,47.56,33.58,8,91
OO,9,36.06180175,-106.0761079,2007,,,1217.33,249.68,,167.35,129.47,0.923,36.958,105.36,19.786,0.00769,4.0834,0,0.2307,0,0.569,0.354,0,18.9866,31.952,74.32,8.33,6.5,184.35
OO,9,36.06180175,-106.0761079,2008,,,1714.73,386.28,,189.22,145.51,5.434,38.27,128.57,16.838,0.09313,0.0085,0,0,2.33,3.081,0.023,0,19.5488,28.57,334.32,13,13.75,155.5
OO,9,36.06180175,-106.0761079,2009,,,1314.58,285.7,,200.56,152.09,0.643,47.818,108.33,23.797,3.09907,14.335,2.5377,0,0.017,0.047,0.579,0,15.9268,27.827,44.08,21.17,14,129.83
OO,9,36.06180175,-106.0761079,2010,,,1413.17,353.39,,98.47,35.12,1.716,61.63,33.12,1.994,0.01538,0,0,0,1.692,0.016,0.008,0,9.7413,54.219,25.23,27.47,9,80
OO,9,36.06180175,-106.0761079,2011,,,900.17,81.18,,82.49,24.16,0.032,58.301,15.03,8.957,0,0.1709,0,0,0,0.032,0,0,5.107,46.283,27.78,12,2,18
OO,9,36.06180175,-106.0761079,2012,,,823.83,109.79,,99.57,33.05,0.457,66.055,17.44,15.222,0.0769,0.3076,0,0.00769,0.015,0.357,0,0.0846,8.2078,32.149,48.47,14.3,9,45.83
OO,9,36.06180175,-106.0761079,2013,,,792.83,92.14,,97.79,42.92,2.416,52.446,13.59,21.971,0.00769,7.1902,0.1538,0.00769,0,0.485,1.93,0,3.3605,10.319,544.23,13.33,9.5,87.37
OO,9,36.06180175,-106.0761079,2014,,,850.83,71.41,,141.06,41.88,2.139,97.045,11.63,23.973,0.00769,0.7921,0.62289,4.85239,0.085,1.3,0.754,0,2.477,16.343,177.5,16,24.67,85.7
OO,9,36.06180175,-106.0761079,2015,,,1322.45,254.93,,129.51,46.57,6.213,76.731,8.17,37.717,0.23839,0.1709,0.25462,0.01538,0.038,1.1,5.066,0.0085,2.5112,23.115,12.85,11.5,6.5,41.22
Diversion,10,35.191958,-106.6441893,2003,204.484,5.8349,420.67,39.67,106.4,169.58,109.47,57.854,2.253,100.13,7.928,1.1535,0.2461,,0.01538,3.32,4.619,49.916,,,26.923,109.43,1,16.57,12.5
Diversion,10,35.191958,-106.6441893,2004,214.26,6.3122,731.92,162.02,282.95,92.3,52.13,38.357,1.807,48.83,3.309,0,0,,0,3.707,11.687,22.962,,,19.219,29.26,0,14.5,3
Diversion,10,35.191958,-106.6441893,2005,233.626,17.0956,1666,518.22,196,215.06,122.12,86.978,5.96,113.46,7.749,0,0.0096,,0.90358,6.856,8.379,71.743,,,18.066,126.23,4.33,6,17.5
Diversion,10,35.191958,-106.6441893,2006,251.327,17.4859,689.33,78.73,274.9,157.67,87.47,62.245,7.955,72.76,8.775,0.00854,5.9298,,0,20.874,6.578,34.793,,,27.342,159.77,5,10.67,11.83
Diversion,10,35.191958,-106.6441893,2007,223.798,6.1569,963.83,202.3,217.25,235.52,149.58,64.361,21.585,122.63,16.483,0.04272,5.7771,4.6407,0,6.998,5.544,51.819,0,17.1572,17.944,81.36,11.5,9,59.03
Diversion,10,35.191958,-106.6441893,2008,220.138,7.8961,1372.75,325.72,153.7,257.66,147.51,56.626,53.52,120.25,25.238,0.00769,0.0162,1.9994,0,8.532,1.998,46.087,0.0085,9.1323,17.753,96.47,3,8.33,32.93
Diversion,10,35.191958,-106.6441893,2009,225.113,9.6375,1158.92,270.28,154.25,193.85,121.39,62.613,9.849,89.15,28.21,0,0.6323,3.39983,0,0.942,7.732,53.939,0,25.4667,29.709,65.47,4,9.53,37.25
Diversion,10,35.191958,-106.6441893,2010,234.513,7.7232,1146.33,277.83,170.55,190.66,122.47,53.376,14.815,111.15,10.106,0.08459,0.4845,0.64596,0,2.84,3.123,47.413,0,18.4363,26.013,176.71,4,16.92,25.83
Diversion,10,35.191958,-106.6441893,2011,244.78,3.4578,645.08,71.98,87.1,154.47,92.02,52.984,9.468,82.13,7.94,0.31529,0.3153,1.23809,0.0769,2.34,4.547,46.021,0.0769,3.1875,16.693,91.47,1,16.08,8.67
Diversion,10,35.191958,-106.6441893,2012,246.798,4.1674,568.17,94.81,71.65,164.58,67.94,83.775,12.865,55.96,9.874,0,0.0077,2.02247,0.0769,6.16,13.565,62.666,1.3842,6.9133,15.888,149.85,3.5,9.58,1
Diversion,10,35.191958,-106.6441893,2013,248.663,5.3279,671.92,173.53,204.85,160.71,78.05,67.736,14.92,67.37,10.487,0.1538,0.0393,0.00769,0,9.651,15.592,42.314,0.1794,2.8162,17.121,104.66,1,18.67,0
Diversion,10,35.191958,-106.6441893,2014,242.113,3.4614,592.42,54.3,106.25,155.45,68.23,68.121,19.102,53.78,14.265,0,0.0692,0.10766,0,5.583,13.007,49.531,0,9.7817,21.647,64.6,,,
Diversion,10,35.191958,-106.6441893,2015,223.263,4.8072,931.33,175.72,258.95,216.37,102.89,104.53,8.943,80.28,22.424,0,0.1692,0.01538,0.00769,6.114,24.093,74.324,0,21.0475,45.025,103.62,,,
Calabacillas,11,35.19056822,-106.6491626,2003,135.542,1.4087,429.58,41.44,92,449.18,381.85,65.84,1.491,364.07,5.368,0,12.404,,0.01538,10.612,15.193,40.034,,,43.022,76.72,2,0,2
Calabacillas,11,35.19056822,-106.6491626,2004,133.584,4.5512,729.17,165.18,220.05,444.83,365.78,81.503,0.016,349.81,10.088,0,5.3907,,0,11.455,18.173,51.875,,,80.408,116.76,1,7.67,44
Calabacillas,11,35.19056822,-106.6491626,2005,126.715,8.4803,1700.42,542.63,173.4,483.88,470.55,13.313,0.015,443.75,8.988,0,17.8092,,0,0.524,2.367,10.423,,,41.722,171.77,6,1,33.67
Calabacillas,11,35.19056822,-106.6491626,2006,127.997,3.7591,728.92,94.65,252.2,419.95,396.86,18.077,5.01,376.9,6.225,0.01538,13.7181,,0,0.132,0.662,17.283,,,87.452,147.12,4,14.33,119
Calabacillas,11,35.19056822,-106.6491626,2007,126.397,5.6147,939.17,196.08,217.9,315.71,282.73,13.104,19.871,242.28,37.45,0.1538,2.8376,0,0.00769,0.223,1.923,10.574,0.3845,35.9123,45.486,201.59,9.5,13.67,143.92
Calabacillas,11,35.19056822,-106.6491626,2008,120.355,7.3655,1420.92,344.1,142.1,303.59,261.75,34.021,7.825,225.93,9.427,0.03845,26.3297,0,0.01709,0.054,1.576,32.391,0,36.607,39.854,58.34,23,12.33,117.92
Calabacillas,11,35.19056822,-106.6491626,2009,133.272,7.172,1112,271.5,143.55,379.13,347.69,28.153,3.291,321.71,5.414,0,20.5631,0,0,0.169,1.423,26.561,0,92.8029,99.439,28.65,11.25,14.33,41
Calabacillas,11,35.19056822,-106.6491626,2010,148.105,9.2074,1193.75,326.97,179.05,471.81,453.24,12.351,6.223,419.72,4.114,0,29.3698,0.00769,0.02307,0.223,1.791,10.337,0,72.2971,80.023,28.33,4.67,13.25,24.83
Calabacillas,11,35.19056822,-106.6491626,2011,168.785,4.7202,624.25,64.05,99.65,395.12,362.39,10.878,21.86,341.41,3.46,0,17.5005,0,0.01623,0.243,1.007,9.628,0,80.9005,85.611,338.58,1,11.83,10.67
Calabacillas,11,35.19056822,-106.6491626,2012,169.929,6.8824,521.33,90.92,71.7,633.36,605.95,24.546,2.869,578.28,6.137,0,21.4517,0,0.0769,0.078,0.795,23.674,0,46.0503,47.92,85.07,1,12,12.5
Calabacillas,11,35.19056822,-106.6491626,2013,176.729,6.805,634.58,141.9,217.55,512.06,479.44,22.6,10.014,464.02,5.607,0.00769,9.808,0,0,0.087,0.723,21.329,0.4614,40.4868,58.576,92.59,3,10.33,2
Calabacillas,11,35.19056822,-106.6491626,2014,168.28,3.1364,594.67,66.73,124.65,457.08,375.4,37.75,43.933,340.41,16.372,0.23839,18.3483,0,0.02307,0.838,0.323,36.581,0.0077,39.3267,45.371,24.62,,,
Calabacillas,11,35.19056822,-106.6491626,2015,139.617,6.961,1103.17,179.72,258.05,363.58,321.83,32.767,8.982,297.3,5.691,0,18.6098,0,0.23839,0.3,1.453,31.014,0,53.4609,73.678,50.1,,,
Minnow,12,35.1935094,-106.646915,2006,128.917,3.283,728.92,94.65,197.55,160.42,152.49,1.361,6.567,148.49,3.983,0,0,,0.01538,0,1.2,0.161,,,0.208,44.16,,,
Minnow,12,35.1935094,-106.646915,2007,126.572,4.7608,948.5,201.12,224.85,285.69,271.77,6.237,7.682,265.56,4.852,0.02307,0.0231,0.31529,0.9997,0.008,6.137,0.092,0,32.2519,34.228,48.55,18.67,17.08,159.75
Minnow,12,35.1935094,-106.646915,2008,119.627,8.3851,1402.17,330.07,117.65,384.49,323.4,6.275,54.822,317.38,5.983,0,0.0077,0.01538,0.00769,0.008,6.267,0,0,76.2617,78.284,139.4,16.5,18.92,77.17
Minnow,12,35.1935094,-106.646915,2009,133.327,9.7746,1130,320.44,137.75,506.88,452.76,16.933,37.189,446.84,5.575,0.00769,0.0923,0.23839,0,0.062,16.856,0.015,0,74.593,79.899,81.8,5,28.08,114.67
Minnow,12,35.1935094,-106.646915,2010,146.985,9.793,1123.5,302.79,159.9,735.11,658.92,23.291,52.897,652.72,6.068,0.01538,0,0.01538,0.09997,0.04,22.851,0.4,0,80.4485,98.344,68.15,5,37.3,77.92
Minnow,12,35.1935094,-106.646915,2011,162.013,4.9925,608.42,67.29,63.05,539.07,482.41,8.977,47.683,476.97,5.399,0,0,0.02307,0.0173,1.874,6.909,0.118,0.0769,95.3714,99.069,245.53,2,13.17,36
Minnow,12,35.1935094,-106.646915,2012,156.385,6.9252,522.33,83.65,59,466.47,440.13,14.103,12.235,432.42,7.667,0.02307,0.0154,0,0.00769,0.054,13.788,0.261,0,44.9865,64.988,175.21,4,14.75,17
Minnow,12,35.1935094,-106.646915,2013,164.227,5.938,601.08,142.86,209.85,796.05,761.99,3.676,30.383,757.43,4.529,0.02307,0.0077,0,0,0.208,3.453,0.015,0,49.2929,90.996,189.17,1,15.33,6
Minnow,12,35.1935094,-106.646915,2014,158.943,2.9515,608.33,59.55,104.35,440.29,361.3,13.888,65.099,350,9.452,0.00769,0.0248,0.01623,1.79433,2.11,11.322,0.455,0,67.9822,69.706,108.99,2.5,20.42,23.33
Minnow,12,35.1935094,-106.646915,2015,139.703,5.1551,1027.08,173.12,231.95,401.06,366.92,22.553,11.587,364.87,2.016,0,0.0154,0.01538,0,0.438,20.4,1.684,0.0308,70.3097,71.642,89.14,10.5,16.08,190.73
Harrison,13,35.01505603,-106.6736953,2003,118.267,2.37,406.56,53.77,88.45,77.07,62.31,8.776,5.984,6.93,55.292,0.08544,0,,0,0.758,8.018,0,,,8.044,22.44,1,26.35,46.83
Harrison,13,35.01505603,-106.6736953,2004,124.333,4.5802,735.42,165.16,278.75,75.25,63.35,11.565,0.338,4.63,55.386,3.33404,0,,0,5.635,5.061,0.869,,,11.522,27.17,4,22.58,48.92
Harrison,13,35.01505603,-106.6736953,2005,105.118,18.462,1696.58,541.93,217.35,93.54,79.55,13.76,0.226,9.98,67.666,1.67044,0,,0.23839,5.393,8.359,0.008,,,0.797,14.28,9,0,50.44
Harrison,13,35.01505603,-106.6736953,2006,127.275,4.6476,713,99.03,238.85,125.29,111.44,13.122,0.727,18.23,93.031,0.17858,0,,0,4.241,8.543,0.338,,,16.919,10.87,0,2,9.33
Harrison,13,35.01505603,-106.6736953,2007,99.965,10.3603,1056.42,279.25,280.95,182.23,137.9,40.429,3.895,28.44,107.486,1.98231,0,0,0,5.413,34.438,0.561,0.0162,0.1154,15.861,25.44,13.25,14,101.45
Harrison,13,35.01505603,-106.6736953,2008,86.472,11.6143,1317.42,306.83,192.5,154.87,111.8,35.548,7.519,33.15,72.559,6.00674,0.0769,0.00854,0,3.257,31.007,1.284,0,10.5669,20.404,28.94,12.81,0,86.18
Harrison,13,35.01505603,-106.6736953,2009,97.105,9.5295,1136.33,292.05,182.05,158.82,99.94,49.383,9.498,27.92,71.213,0.79976,0,0.00769,0,4.929,44.014,0.431,0.0096,2.0823,45.823,21.93,4.33,4,151.6
Harrison,13,35.01505603,-106.6736953,2010,97.217,9.6851,1194.83,306.83,171.25,175.35,122.01,47.33,6.005,45.36,76.47,0.18456,0,0,0,5.377,39.966,1.987,0,2.1565,27.179,22.75,7,3,60.31
Harrison,13,35.01505603,-106.6736953,2011,109.122,2.6504,642.75,68.92,111.65,182.11,110.58,69.037,2.487,51.3,51.948,7.33626,0,0,0,4.24,63.373,1.424,0,3.1837,49.606,24.08,6,8.5,679.58
Harrison,13,35.01505603,-106.6736953,2012,110.78,4.5745,514.92,84.54,95.1,124.34,86.42,35.381,2.542,55.42,30.454,0.53403,0,0,0.00769,0.8,32.28,2.301,0,6.0008,27.76,11.17,4,17.42,138.97
Harrison,13,35.01505603,-106.6736953,2013,114.968,3.3082,593,130.41,229,162.79,122.67,35.952,4.166,93.16,27.004,2.48131,0.0077,0.00854,0.00854,3.457,31.423,1.072,0,2.6676,24.253,68.17,1,12.25,5
Harrison,13,35.01505603,-106.6736953,2014,110.113,2.2645,549.58,49.82,192.65,266.46,204.21,54.952,7.294,166.73,34.809,2.65583,0,0.01623,0,0.226,52.329,2.398,0,11.2883,26.905,48.8,0,8.67,11
Harrison,13,35.01505603,-106.6736953,2015,95.787,6.8449,1042.5,221.8,251.45,328.32,236.57,88.143,3.607,200.77,35.589,0.17687,0.0231,0.00769,0,0.377,82.083,5.675,0.0077,12.5116,39.742,20.76,4,9,83.11
Sevilleta,14,34.25834233,-106.8831845,2003,161,8.2246,346.67,152.82,47.05,188.73,122.85,65.868,0.009,118.3,4.321,0.11022,0,,0.11791,38.131,27.737,0,,,1.261,20.84,,,
Sevilleta,14,34.25834233,-106.8831845,2004,150.375,8.0073,634.21,185.33,192.5,245.01,164.81,79.95,0.255,162.3,1.84,0.00769,0.6229,,0.04016,35.522,44.428,0,,,22.209,50.38,5.5,2,91.92
Sevilleta,14,34.25834233,-106.8831845,2005,128.133,12.8541,1460,441.31,161.2,305.05,203.31,99.416,2.33,200.35,2.922,0.03076,0,,0.00769,47.809,51.608,0,,,32.982,38.35,23.17,21.67,69.7
Sevilleta,14,34.25834233,-106.8831845,2006,126.55,6.8435,677.92,184.46,208.4,298.99,183.12,115.248,0.621,179.35,3.179,0,0,,0.58871,37.625,77.623,0,,,31.274,47.51,24.83,9,80.77
Sevilleta,14,34.25834233,-106.8831845,2007,131.29,13.116,843,241.18,162.4,385.83,242.21,140.715,2.903,239.29,2.67,0.08459,0,0,0.16149,46.743,93.964,0,0.0077,28.2667,39.934,65.75,15.58,5,283.77
Sevilleta,14,34.25834233,-106.8831845,2008,109.663,13.8795,1255.33,263.56,167.8,466.23,342.13,119.474,4.625,330.45,9.174,1.86867,0,0,0.63827,68.444,51.029,0,0,10.9215,22.149,55.65,10.27,3.5,743.23
Sevilleta,14,34.25834233,-106.8831845,2009,130.122,12.3952,785.17,267.9,119.8,271.59,159.72,109.783,2.086,158.84,0.802,0,0.0096,0,0.0769,56.422,53.361,0,0,40.4426,50.509,41.89,10.67,5,470.7
Sevilleta,14,34.25834233,-106.8831845,2010,143.213,13.5188,796.83,212.54,129.75,446.89,287.59,157.168,2.138,286.48,0.818,0.01538,0.0154,0,0.25377,67.884,89.284,0,0,37.3529,65.842,64.23,23.1,3,349.33
Sevilleta,14,34.25834233,-106.8831845,2011,157.946,9.692,391.5,111.73,104.3,290.06,206.58,80.232,3.255,204.67,0.725,1.09198,0.0923,0,0,44.696,35.297,0.008,0.2307,30.983,37.335,52.37,4,15,118.75
Sevilleta,14,34.25834233,-106.8831845,2012,181.567,9.7627,377.42,90.51,75.65,352.04,219.55,131.393,1.094,218.67,0.261,0.00769,0.6152,0,0,99.054,32.262,0.077,0,15.9593,18.797,47.92,5,8.17,263.08
Sevilleta,14,34.25834233,-106.8831845,2013,170.517,8.681,855.67,515.67,184.9,320.44,217.78,102.167,0.491,216.35,1.423,0,0,0,0.00769,78.242,23.919,0.007,0,10.1179,15.314,20.51,0,10.5,17.92
Sevilleta,14,34.25834233,-106.8831845,2014,182.573,6.3883,444.83,72.67,82.45,406.87,227.9,154.331,22.093,218.55,4.083,0,1.9994,0,0.04699,132.829,21.501,0,0,8.6051,16.003,62.5,0,9.83,38.17
Sevilleta,14,34.25834233,-106.8831845,2015,165.738,6.0006,709.25,165.47,183.65,457.62,297.99,158.96,0.669,297.5,0.454,0.00769,0.0154,0,0.00769,127.139,31.744,0.077,0,11.7811,19.94,43.48,3,7,228.83
Valencia Cleared,15,34.64863444,-106.7391728,2003,109.014,5.0712,154.29,94.35,101,44.74,34.37,10.214,0.154,34.31,0.056,0,0,,0,5.214,2.753,2.247,,,0.057,5.53,2,7.4,210.58
Valencia Cleared,15,34.64863444,-106.7391728,2004,93.892,8.6776,540.68,175.89,236.55,102.21,81.5,12.636,8.069,74.14,7.35,0,0,,0.01538,1.159,11.477,0,,,51.993,48.94,4,33.47,1972.25
Valencia Cleared,15,34.64863444,-106.7391728,2005,80.342,9.8958,1640.42,516.85,141.85,87.31,60.56,20.509,6.234,54.8,5.762,0,0,,0,7.476,13.025,0.008,,,45.228,18.34,8,15.67,343.25
Valencia Cleared,15,34.64863444,-106.7391728,2006,96.291,4.7396,534,145.86,285.05,139.56,98.37,28.84,12.349,88.01,10.278,0,0.0769,,0.00769,9.698,19.142,0,,,67.319,86.04,10,64.97,367.33
Valencia Cleared,15,34.64863444,-106.7391728,2007,94.5,6.971,635.67,147.24,166.55,130.81,79.32,31.652,19.833,62.99,15.718,0.6152,0,0,0,9.489,22.155,0.008,0,25.2617,46.086,24.83,11.92,20.05,1263.15
Valencia Cleared,15,34.64863444,-106.7391728,2008,80.865,7.0048,1214.67,292.26,170.75,201.89,115.34,2.659,83.899,105.39,9.92,0.03076,0,0,0,0.918,1.734,0.008,0,29.6005,52.428,289.97,19.67,33.07,821.67
Valencia Cleared,15,34.64863444,-106.7391728,2009,91.733,7.0167,859.5,312.32,139.95,158.09,115.58,11.37,31.134,104.34,10.994,0.00769,0.2469,0,0,9.686,1.6,0.085,0,10.2909,28.017,13.85,16.75,24.98,772.95
Valencia Cleared,15,34.64863444,-106.7391728,2010,93.225,6.636,670.67,190.3,167.85,144.98,60.69,20.636,63.654,53.07,3.912,3.6912,0,0,0.00854,17.78,2.856,0,0,28.9076,68.629,18.83,20.5,36.98,1085.92
Valencia Cleared,15,34.64863444,-106.7391728,2011,107.9,5.5773,371.58,114.63,133.65,207.88,119.49,51.938,36.451,112.19,6.959,0.00769,0.3076,0,0.02307,44.441,7.252,0.238,0.0077,40.3571,133.206,137.07,15.5,32.8,649.28
Valencia Cleared,15,34.64863444,-106.7391728,2012,108.702,5.894,380.91,96.42,140.1,209.95,152.85,3.276,53.821,134.53,17.771,0,0.546,0,0,2.376,0.892,0.008,0,24.9387,39.809,44.95,24.19,37.03,2361.12
Valencia Cleared,15,34.64863444,-106.7391728,2013,110.667,5.1971,363.92,120,212.7,176.11,140.54,0.548,35.022,118.66,21.881,0,0,0,0,0.038,0.492,0.017,0,38.3466,58.397,99.25,18.42,26.58,288.58
Valencia Cleared,15,34.64863444,-106.7391728,2014,104.287,3.5637,336.5,79.96,178.7,152.55,124.04,1.553,26.953,100.12,23.585,0.1538,0.1846,0,0,0.354,0.577,0.008,0.6152,43.9484,60.959,20.56,23.75,33.81,1231.72
Valencia Cleared,15,34.64863444,-106.7391728,2015,90.08,6.0491,785.73,196.34,216,177.85,112.87,10.432,54.542,91.37,20.57,0.9228,0.0077,0,0,9.359,1.065,0.009,0,17.7989,36.2,308.37,25.69,17.67,1345.93
Valencia Forest,16,34.64716225,-106.738482,2003,167.496,7.0209,154.29,94.35,118.85,279.51,118.16,161.344,0,113.94,4.222,0,0,,0,137.705,23.639,0,,,0.231,9.14,,,
Valencia Forest,16,34.64716225,-106.738482,2004,153.142,9.7912,540.68,175.89,285.25,401.69,128.44,273.177,0.077,126.43,0.947,0,1.0501,,0.00769,220.686,52.491,0,,,87.311,127.63,8,42.29,415.17
Valencia Forest,16,34.64716225,-106.738482,2005,137.171,11.9071,1640.42,516.85,242.25,417.66,172.05,245.039,0.577,170.98,1.063,0,0,,0.00769,185.951,59.088,0,,,92.504,143.11,7.5,23.25,785.43
Valencia Forest,16,34.64716225,-106.738482,2006,159.083,5.5531,533.92,145.89,308.35,423.18,183.69,238.677,0.815,183.21,0.48,0,0,,0,188.832,49.846,0,,,110.798,238.98,4,24.95,281.42
Valencia Forest,16,34.64716225,-106.738482,2007,151.743,8.0396,635.67,147.24,185.65,147.24,19.83,110.715,16.696,19.77,0.057,0.00769,0,0,0,88.171,22.544,0,0,2.5069,21.335,53.91,7.83,15.08,527.55
Valencia Forest,16,34.64716225,-106.738482,2008,136.027,8.1588,1214.67,292.26,184.2,151.36,18.39,84.043,48.925,18.38,0,0.00854,0,0,0,23.079,60.957,0,0.0077,3.5425,44.67,598.41,5.5,28,91.08
Valencia Forest,16,34.64716225,-106.738482,2009,147.602,7.7528,859.5,312.32,177,78.25,8.96,5.345,63.942,6.54,2.422,0,0,0,0,0.131,5.207,0.008,0,0.2845,43.954,137.33,7,19.65,59.13
Valencia Forest,16,34.64716225,-106.738482,2010,151.295,7.4084,677.17,189.45,195.3,104.67,5.98,0.115,98.555,4.22,1.757,0,0,0,0,0.015,0.1,0,0,0.669,85.243,773.45,13.5,34.4,144.75
Valencia Forest,16,34.64716225,-106.738482,2011,167.465,5.6716,371.58,114.63,158.7,146.26,4.6,0.069,141.596,4.33,0.269,0,0,0,0,0.038,0.031,0,0,0.5383,184.76,10.13,3.83,26.16,20.25
Valencia Forest,16,34.64716225,-106.738482,2012,167.028,6.2967,380.91,96.42,181.25,82.22,14.9,0.141,67.181,14.63,0.277,0,0,0,0,0.024,0.117,0,0,2.73,29.604,11.95,10.83,57.11,57
Valencia Forest,16,34.64716225,-106.738482,2013,168.175,5.7463,363.92,120,253.05,135.81,13.4,0.269,122.14,12.46,0.938,0,0,0,0,0.023,0.015,0,0.2307,0.3153,89.35,7.45,4.5,21.39,8.75
Valencia Forest,16,34.64716225,-106.738482,2014,163.187,4.4695,336.5,79.96,228.5,29.96,15.76,5.537,8.662,6,9.139,0.1538,0,0.4614,0,5.491,0.046,0,0,1.6773,25.886,8.61,8.5,23.37,45.67
Valencia Forest,16,34.64716225,-106.738482,2015,150.462,6.397,726.17,187.04,281.3,74.58,23.64,5.556,45.379,15.95,7.69,0,0,0,0,0.008,5.292,0.256,0,2.2686,42.465,4.63,18.5,21.92,243.29
Montano,17,35.14522882,-106.6803699,2004,180.833,4.3613,757.67,229.46,115.6,45.46,30.66,9.617,5.183,30.66,0,0,0,,0,0.008,9.609,0,,,24.284,15.85,1,2,2
Montano,17,35.14522882,-106.6803699,2005,171.333,7.5503,1638.92,523.49,180.5,142.77,27.57,26.005,89.199,27.56,0.008,0,0,,0,0.316,25.689,0,,,21.189,232.77,12,20.07,36.5
Montano,17,35.14522882,-106.6803699,2006,185.304,2.8122,749.25,105.38,232.1,115.9,27.29,13.261,75.354,23.26,2.503,0.3076,1.2133,,0,1.347,11.898,0.015,,,19.273,237.91,3,17.53,13
Montano,17,35.14522882,-106.6803699,2007,175.6,3.6084,957.92,208.38,226.45,67.87,52.15,1.848,13.871,48.54,2.535,1.0766,0,0,0,0.015,1.739,0.094,0,12.1459,16.818,16.15,11.43,28.17,16.3
Montano,17,35.14522882,-106.6803699,2008,165.725,4.9857,1419.83,333.94,165.35,126.07,42.77,12.058,71.24,35.1,5.352,0,2.307,0.00769,0,5.591,6.375,0.092,0,13.3652,20.94,697.82,12,49.22,12.83
Montano,17,35.14522882,-106.6803699,2009,167,4.8861,1130.92,318.36,136.3,174.55,78.63,26.129,69.789,63.71,14.121,0.00769,0.7946,0,0,0.038,25.904,0.187,0,43.9477,54.566,102.77,20.92,34.14,8.17
Montano,17,35.14522882,-106.6803699,2010,168.696,5.2826,1085.92,305.23,174.1,115.65,52.75,29.411,33.487,37.9,4.188,0.43491,10.2243,0,0,0.235,29.006,0.17,0,21.4918,34.667,43.62,15.85,28.82,21.25
Montano,17,35.14522882,-106.6803699,2011,173.775,2.3326,617.75,70.66,129.65,155.94,94.42,39.192,22.323,64.35,27.596,0.00769,2.4685,0,0,8.568,30.539,0.009,0.0769,10.4763,42.287,150.31,7.87,25.05,5
Montano,17,35.14522882,-106.6803699,2012,175.308,3.5301,543.33,80.43,118,170.67,80.28,73.049,17.347,73.92,6.126,0,0,0,0.2307,0.008,73.034,0.008,0,13.4678,35.563,47.5,18.01,24.29,4
Montano,17,35.14522882,-106.6803699,2013,175.392,3.9831,661.58,166.65,157,155.92,81.08,41.71,33.133,70.09,9.474,0,1.5098,0.00769,0,0.816,40.578,0.315,0,11.5119,22.196,123.07,2,12,1
Montano,17,35.14522882,-106.6803699,2014,165.618,2.1389,622.75,81.86,130.65,171.12,98.6,47.709,24.81,81.98,16.384,0.1538,0.0769,0.00769,0,0.015,47.609,0.077,0.0077,15.4531,35.376,85.6,2,29.09,5
Montano,17,35.14522882,-106.6803699,2015,155.625,3.9876,959.08,187.52,247.5,164.47,105.09,44.441,14.942,76.95,26.738,0.00769,1.3919,0,0,0.031,44.41,0,0,17.6101,31.114,82.88,11.17,35.47,30.83
Reynolds Cleared,18,34.65966436,-106.7421328,2004,124.056,9.9667,512.91,206.27,85.5,201.52,197.76,3.76,0,197.03,0.731,0,0,,0,3.199,0.561,0,,,0.361,55.65,4,2,111.5
Reynolds Cleared,18,34.65966436,-106.7421328,2005,108.175,15.1073,1678.75,511.88,186,311.89,299.56,4.14,8.196,298.05,1.507,0,0,,0,3.492,0.648,0,,,12.559,35.66,11.5,4.5,583.13
Reynolds Cleared,18,34.65966436,-106.7421328,2006,142.972,6.6305,492.75,136.14,258,220.91,206.51,8.385,6.008,205.72,0.791,0,0,,0,8.096,0.289,0,,,35.166,49.94,2,13.4,86.42
Reynolds Cleared,18,34.65966436,-106.7421328,2007,134.025,10.5898,629.58,159.71,168.5,148.54,115.17,4.279,29.092,113.93,1.163,0.0769,0,0,0,4.164,0.092,0.023,0,19.4711,21.032,28.95,6,39.39,256.05
Reynolds Cleared,18,34.65966436,-106.7421328,2008,111.575,10.208,1105.58,254.7,259.6,291.88,242.73,12.781,36.364,241.9,0.807,0.02307,0,0,0,12.765,0.008,0.008,0,17.7562,44.865,153.18,8.33,36.34,74.58
Reynolds Cleared,18,34.65966436,-106.7421328,2009,121.633,9.6387,887.08,263.13,120.1,354.63,336.25,12.677,5.699,333.53,2.703,0.00769,0.0077,0,0,12.575,0.094,0.008,0,5.8211,11.109,73.03,10,16.5,102.63
Reynolds Cleared,18,34.65966436,-106.7421328,2010,122.825,9.1891,806.83,206.01,149.95,252.77,220.67,11.339,20.764,219.84,0.825,0.00769,0,0,0,11.247,0.092,0,0,31.2306,48.861,31.97,5,10.83,304.8
Reynolds Cleared,18,34.65966436,-106.7421328,2011,143.9,5.5992,344.08,109.4,108.05,448.76,400.1,6.629,42.034,399.56,0.469,0.00769,0.0154,0,0.03845,6.529,0.1,0,0,21.309,27.692,69.31,6,17.6,38.67
Reynolds Cleared,18,34.65966436,-106.7421328,2012,141.425,6.6677,376.38,96.69,123.4,286.38,266.5,1.713,18.166,264.07,0.769,0,1.6474,0,0.00961,1.534,0.179,0,0,16.8373,22.174,133.84,5.33,21.45,59.17
Reynolds Cleared,18,34.65966436,-106.7421328,2013,140.558,7.0807,366.25,118.97,143.3,354.55,317.62,0.246,36.685,316.65,0.884,0,0.0077,0,0.0769,0.238,0.008,0,0,24.7276,29.706,31.39,6,15.5,22.75
Reynolds Cleared,18,34.65966436,-106.7421328,2014,135.054,4.6418,372.25,81.78,151.65,358.16,336.3,2.819,19.044,332.31,3.741,0,0.2384,0.00769,0,2.712,0.1,0.008,0,41.2139,45.706,13.91,1,7.42,67.25
Reynolds Cleared,18,34.65966436,-106.7421328,2015,114.92,8.593,780.5,204.34,229.25,472.01,452.16,4.972,14.883,443.89,0.8,0,7.467,0,0,4.94,0.017,0.008,0.0077,18.8179,24.138,35.22,,,
Reynolds Forest,19,34.66065483,-106.7429525,2004,116.144,8.9716,512.91,206.27,71.25,408.24,260.56,147.681,0,256.43,4.135,0,0,,0,136.869,10.804,0.008,,,16.428,173.69,6,2,89.33
Reynolds Forest,19,34.66065483,-106.7429525,2005,102.417,14.3352,1678.75,511.88,148.85,496.21,303.47,189.302,3.434,287.37,14.447,1.64053,0.0077,,0,167.585,21.717,0,,,59.697,211.04,17,23,243.12
Reynolds Forest,19,34.66065483,-106.7429525,2006,130.221,7.178,492.75,136.14,261.55,356.44,236.48,119.939,0.015,228.62,7.84,0.0173,0,,0,111.807,8.132,0,,,112.057,107.22,5.5,20.25,212.5
Reynolds Forest,19,34.66065483,-106.7429525,2007,122.758,10.1784,629.58,159.71,166,509.99,319.31,178.37,12.313,310.72,8.589,0,0,0,0,157.178,21.191,0,0,64.3747,81.064,176.6,11.5,32,554.43
Reynolds Forest,19,34.66065483,-106.7429525,2008,105.2,8.551,1105.58,254.7,227.85,788.53,475.77,305.016,7.744,459.88,15.866,0.00769,0,0,0.00769,271.016,34,0,0,65.0659,70.135,487.99,33,35.42,164.37
Reynolds Forest,19,34.66065483,-106.7429525,2009,115.192,8.659,887.08,263.13,147,606.84,428.51,173.965,4.368,420.23,4.199,0,0.9997,3.08369,0,152.477,21.449,0.038,0,20.217,40.686,86.13,4,30.67,222.09
Reynolds Forest,19,34.66065483,-106.7429525,2010,117.694,7.8454,806.83,206.01,166.2,517.52,385.36,131.704,0.461,382.71,2.326,0.2307,0.0769,0,0.01538,116.808,14.896,0,0,99.8683,111,104.65,9.33,15.6,114.95
Reynolds Forest,19,34.66065483,-106.7429525,2011,134.033,4.7271,344.08,109.4,132.65,494.85,394.15,97.464,3.237,390.38,3.671,0,0.0077,0,0.09228,85.192,12.272,0,0,83.2853,87.323,77.59,13.5,24.67,108
Reynolds Forest,19,34.66065483,-106.7429525,2012,132.24,6.3144,376.38,96.69,143.25,489.3,448,37.355,3.946,446.3,1.69,0,0.0077,0,0,33.761,3.594,0,0,57.6246,58.024,243.46,4,23.48,112.1
Reynolds Forest,19,34.66065483,-106.7429525,2013,133.025,6.6812,366.25,118.97,202.45,567.72,545.04,21.983,0.692,542.6,2.161,0.19567,0,0,0.08459,21.433,0.55,0,0,70.0465,70.216,476.71,0,29.25,22
Reynolds Forest,19,34.66065483,-106.7429525,2014,128.058,4.2641,372.25,81.78,178.9,368.25,337.33,19.495,11.426,333.57,3.733,0,0.0154,0,0.01538,19.022,0.466,0.008,0,70.889,75.285,22.04,,,
Reynolds Forest,19,34.66065483,-106.7429525,2015,111.992,7.4904,780.5,204.34,287.6,564.27,511.52,18.333,34.42,509.79,1.707,0.00769,0.0077,0,0,17.61,0.338,0.231,0.1538,61.5815,77.731,317.04,,,
Rt 66,20,35.10066114,-106.6923499,2005,100.491,11.8047,1688,543.12,203.85,218.33,142.73,62.525,13.081,118.29,11.545,1.23809,11.5427,,0.10986,8.058,12.122,42.346,,,32.021,317.11,15.27,95,95.83
Rt 66,20,35.10066114,-106.6923499,2006,106.267,7.9742,633.36,70.44,109.2,202.68,109.86,68.953,23.867,88.08,21.59,0.00769,0.1769,,0,5.138,14.361,49.454,,,102.143,83.73,18,5.75,139.1
Rt 66,20,35.10066114,-106.6923499,2007,104.852,5.5774,970.75,195.01,195.2,196.56,112.2,75.923,8.436,93.67,18.518,0,0,0.00769,0,0.161,21.386,40.119,14.2573,19.6095,43.748,449.47,23.29,6,75.67
Rt 66,20,35.10066114,-106.6923499,2008,106.073,7.5947,1400.5,335.75,137.15,269.32,170.4,80.823,18.091,155.93,14.148,0.23839,0,0,0.08544,2.717,25.029,44.878,8.1995,37.0494,57.576,188.62,7.3,2,7
Rt 66,20,35.10066114,-106.6923499,2009,104.9,7.2194,1166,307,131,347.64,169.4,161.167,17.073,141.38,24.323,0.09399,2.4864,1.11932,0,2.575,64.085,74.567,19.9402,39.0062,71.955,117.6,16.5,13,30
Rt 66,20,35.10066114,-106.6923499,2010,103.669,7.5705,1207.42,370.39,185.8,384.5,213.61,158.311,12.589,189.75,23.685,0.00769,0.1538,0.00854,0,4.682,67.968,72.342,13.3182,53.3071,141.044,30.28,13.25,27.2,65.83
Rt 66,20,35.10066114,-106.6923499,2011,108.667,2.3653,633.25,74.02,103.5,445.71,283.41,142.412,19.888,256.15,26.769,0.3845,0,0.00854,0.09997,5.963,39.904,82.738,13.8061,40.4041,76.623,120.85,7.67,17.58,198
Rt 66,20,35.10066114,-106.6923499,2012,110.242,2.8234,550.75,90.85,69.9,425.55,202.89,203.9,18.764,180.39,22.483,0.01538,0,0,0,13.821,57.193,109.485,23.4007,36.3686,126.201,119.21,15,24.3,217.25
Rt 66,20,35.10066114,-106.6923499,2013,112.897,2.9224,576.67,126.5,205.8,415.82,229.67,169.183,16.968,198.26,27.459,3.92959,0.0077,0,0.00769,4.464,55.412,101.432,7.8754,20.1863,57.033,334.56,4,226.17,35.25
Rt 66,20,35.10066114,-106.6923499,2014,110.2,1.7277,563.92,50.64,136.1,369.3,187.63,157.322,24.354,164.34,22.101,0,0.7921,0,0.39988,7.652,46.132,102.754,0.7844,33.29,85.359,38.3,,,
Rt 66,20,35.10066114,-106.6923499,2015,100.348,4.3123,1027.25,178.83,212.45,457.06,220.11,230.038,6.913,197.97,21.895,0.00769,0,0.2307,0.00769,7.809,79.738,127.372,15.1194,40.3665,103.328,116.86,,,
Badger,21,35.19556856,-106.6416219,2006,263.683,3.917,740.42,92.23,0,126.52,97.22,27.3,1.999,89.06,4.091,0.5383,3.5374,,0,0,27.3,0,,,0.315,4.58,,,
Badger,21,35.19556856,-106.6416219,2007,255.519,6.8382,970.83,204.88,218.65,355.75,328.44,7.582,19.725,299.03,20.332,0.00769,0.7459,7.39778,0.9228,0,1.607,5.821,0.1538,55.791,68.818,172.03,17.08,39.58,21.25
Badger,21,35.19556856,-106.6416219,2008,238.925,4.0481,1373.83,325.95,129.85,385.23,329.09,20.188,35.957,298.96,18.541,1.538,7.3525,2.6915,0,2.015,1.438,16.735,0,30.1482,62.474,134.48,8,16.67,17.17
Badger,21,35.19556856,-106.6416219,2009,236.733,6.122,1137.17,291.3,111.05,837.02,746.54,40.594,49.888,713.43,23.1,0.00769,0.4819,3.86892,5.64446,0.039,1.852,32.619,6.0828,85.2325,109.57,173.36,7,24.07,40.35
Badger,21,35.19556856,-106.6416219,2010,236.933,4.7588,1333,375.15,159.7,670.1,607.57,57.114,5.425,568.41,27.933,0,0.7075,2.71457,7.79766,0.015,0.069,56.637,0.3922,72.6158,87.413,34.04,9.5,16.25,54.18
Badger,21,35.19556856,-106.6416219,2011,238.625,4.2456,637.17,72.67,81.2,612.04,504.74,105.079,2.221,476.67,22.336,0.01623,0,1.68924,4.02272,0.023,4.189,100.789,0.0769,85.1471,88.177,29.83,5,5,13.4
Badger,21,35.19556856,-106.6416219,2012,241.2,4.1933,523.25,80.4,84.75,355.34,278.2,72.153,4.981,241.75,31,1.70718,0.0154,2.0936,1.63413,0.023,0.208,71.913,0.0096,56.9252,71.457,129.4,15.42,12.5,27.5
Badger,21,35.19556856,-106.6416219,2013,244.358,3.4467,571.58,127.46,206.6,551.26,486.03,56.74,8.497,450.94,28.717,0.5383,0.0461,1.46879,4.31409,0.332,0,56.332,0.0769,67.5191,78.1,252.34,3,20,5
Badger,21,35.19556856,-106.6416219,2014,237.247,1.8686,580.42,55.6,97.3,517.71,412.2,92.758,12.758,381.25,27.464,0,0.0231,2.09168,1.36198,0.015,1.309,91.426,0.0077,59.2856,71.575,78.08,4,13.83,26.5
Badger,21,35.19556856,-106.6416219,2015,229.752,3.9154,982.75,165.9,230.25,551.08,470.87,74.631,5.583,449.98,16.111,0,0.0154,1.49955,3.26056,0.023,0.031,74.57,0.0077,79.53,121.61,797.91,10.33,7.33,190.03
Bobcat,22,35.19705633,-106.6439494,2006,142.694,2.6154,720.33,94.61,0.55,191.8,187.84,0.109,3.845,178.46,7.916,0,0.3922,,1.0766,0,0.015,0.094,,,0.431,91.53,,,
Bobcat,22,35.19705633,-106.6439494,2007,127.181,2.6772,952.92,182.27,221.15,300,257.82,1.158,41.021,247.76,8.023,0.96979,0.5479,0.51181,0.00769,0.093,0.195,0.358,0.5118,42.489,58.967,253.25,21.25,16.17,501.08
Bobcat,22,35.19705633,-106.6439494,2008,118.625,4.0845,1403.75,347.74,135.65,410.56,397.93,1.423,11.149,360.24,29.653,3.02217,3.7835,1.23809,0,0.715,0.631,0.077,0,50.4502,58.34,210.86,20.42,44.17,295.38
Bobcat,22,35.19705633,-106.6439494,2009,117.307,3.1903,1165.25,289.38,163.75,593.21,580.07,0.161,12.973,556.24,18.702,0.2307,0.0154,0.93818,3.94497,0.031,0.108,0.023,0,87.0969,93.149,92.92,7,10,152.9
Bobcat,22,35.19705633,-106.6439494,2010,112.625,3.2706,1187,313.93,226.4,498.64,489.06,1.117,8.471,466.39,20.777,0.16149,0,0.3657,1.36711,0.12,0.723,0.274,0,69.7244,75.003,93.79,5.5,19.67,115.5
Bobcat,22,35.19705633,-106.6439494,2011,111.283,3.0438,641.75,71.32,58.3,794.45,781.47,3.097,9.882,754.84,25.34,0.1538,0.0231,0.01538,1.09967,0,1.092,1.834,0.1709,74.4926,83.112,161.99,5,18,88.5
Bobcat,22,35.19705633,-106.6439494,2012,112.35,3.0704,481.42,82.45,69.15,485.39,472.89,1.452,11.043,452.1,17.374,0.00961,3.1614,0.24993,0,0.009,0.534,0.525,0.3845,87.0855,89.308,116.71,10.83,17.15,114.58
Bobcat,22,35.19705633,-106.6439494,2013,115.242,3.5791,594.92,141.33,195.9,907.65,900.83,2.915,3.905,876.63,19.215,1.35344,0.9228,0.01538,2.70004,0.026,0.804,1.418,0.6665,85.872,104.659,178.75,4,34.92,91.17
Bobcat,22,35.19705633,-106.6439494,2014,108.505,3.0511,585.08,59.88,111.35,476.5,434.65,5.314,36.528,407.82,25.308,1.39189,0.1307,0.00769,0,0.115,2.176,3.014,0.0077,86.3279,90.388,38.17,3,19.17,141.17
Bobcat,22,35.19705633,-106.6439494,2015,98.378,3.5301,1073,179.31,223.7,500.65,477.34,4.783,18.525,457.19,19.74,0.0769,0.323,0,0.01538,0.054,1.13,3.591,0.0077,77.6152,89.904,92.26,3,8.5,1107.22
BioPark,23,35.078725,-106.6679472,2007,144.33,4.6573,992.1,234.67,179,331.76,306.72,16.285,8.756,305.9,0.04,0,0.7767,0,0,0.017,0.04,16.205,0.0231,48.2368,80.948,38.71,8.33,4,44.5
BioPark,23,35.078725,-106.6679472,2008,140.642,5.7645,1255.25,290.5,145.2,429.52,411.29,5.308,12.923,409.86,0.032,0,0,0,1.39189,0.015,0.093,5.199,0,70.372,75.926,128.01,4,18.25,189.58
BioPark,23,35.078725,-106.6679472,2009,141.058,5.3185,1046.92,256.26,153.5,535.64,528.7,3.375,3.572,528.31,0.05,0,0.3418,0,0,0.023,1.986,1.366,0,80.6254,87.933,55.83,7.67,16.67,81.45
BioPark,23,35.078725,-106.6679472,2010,137.171,4.7799,1211.58,301.27,256.4,426.58,417.91,2.865,5.804,417.81,0.056,0,0.0325,0,0.00769,0.192,1.894,0.779,0,93.2054,101.826,199.95,6.33,14,281
BioPark,23,35.078725,-106.6679472,2011,145.167,1.9188,616.25,67.6,122.8,593.89,584.74,2.201,6.954,584.67,0.026,0.00854,0.0085,0,0.02478,0,1.758,0.187,0.2563,77.1119,85.325,179.85,3,19.17,133.58
BioPark,23,35.078725,-106.6679472,2012,144.983,2.6786,541.58,86.64,87.75,329.25,311.01,0.577,17.659,310.7,0.315,0,0,0,0,0.008,0.492,0.077,0,67.5413,73.012,36.47,10,9.4,35
BioPark,23,35.078725,-106.6679472,2013,148.833,3.9016,604.42,142.82,225.95,321.7,306.58,0.369,14.754,305.71,0.624,0.00769,0,0,0.2307,0.015,0.315,0.031,0.0077,46.6322,50.293,71.89,1,14.83,6.5
BioPark,23,35.078725,-106.6679472,2014,151.708,1.9075,635.67,82.23,148.6,280.82,249.58,0.285,30.96,248.38,0.792,0,0.0077,0.00769,0.39219,0.015,0.031,0.238,0,43.7946,44.887,40.74,3,0,24.33
BioPark,23,35.078725,-106.6679472,2015,134.21,4.8521,1100,182.11,253.85,301.77,285.41,1.192,15.168,282.82,0.475,0,0.264,0.00769,1.8456,0.009,0.279,0.904,0,64.6404,68.749,91.86,2,2,17.67
Santo Domingo,24,35.50989167,-106.3896111,2008,,,1030,,183.45,141.97,127.32,3.73,10.912,127.3,0.008,0.00769,0.0077,0,0,3.614,0.115,0,0,5.3522,7.421,176.43,,,
Santo Domingo,24,35.50989167,-106.3896111,2009,,,,,182.45,209.02,192.27,0.148,16.607,192.11,0.148,0,0.0085,0,0,0.008,0.14,0,0,0.6776,9.548,96.92,,,
Santo Domingo,24,35.50989167,-106.3896111,2010,,,,,325.6,281.76,272.51,0.205,9.051,271.61,0.898,0,0,0,0,0.015,0.19,0,0,10.4507,13.989,124.53,,,
Santo Domingo,24,35.50989167,-106.3896111,2011,,,,,125.25,128.01,117.91,0.047,10.059,117.65,0.246,0.00769,0,0,0,0.016,0.031,0,0,8.1121,11.257,104.45,,,
Santo Domingo,24,35.50989167,-106.3896111,2012,,,,,61.95,144.33,133.19,0.815,10.328,132.31,0.877,0,0,0,0,0.015,0.792,0.008,0,7.1671,8.867,83.8,6,8.5,1
Santo Domingo,24,35.50989167,-106.3896111,2013,,,,,322.7,268.15,239.17,1.461,27.523,236.75,2.415,0,0,0,0,1.461,0,0,0,5.3753,9.543,10.7,1,7,1
Santo Domingo,24,35.50989167,-106.3896111,2014,,,,,144.8,210.09,132.43,0.063,77.596,131.11,1.318,0,0.0077,0,0,0.009,0.039,0,0.0154,1.9225,3.26,45.48,,,
Santo Domingo,24,35.50989167,-106.3896111,2015,,,,,234.45,99.05,97.12,0.046,1.884,95.71,1.415,0,0,0,0,0.023,0.015,0.008,0,7.0056,7.898,16.22,,,
Crawford,25,34.64049722,-106.7420472,2010,122.807,10.1311,689.75,186.57,,26.84,4.95,0.754,21.132,4.85,0.1,0,0,0,0,0.738,0.015,0,0,0,15.988,0.72,26.14,13.2,108.57
Crawford,25,34.64049722,-106.7420472,2011,143.78,6.7081,371.58,114.63,102.9,45.32,13.55,14.503,17.272,13.44,0.031,0,0.0769,0,0,14.45,0.054,0,0,0.0769,11.658,4.93,6.5,20.17,29.58
Crawford,25,34.64049722,-106.7420472,2012,143.334,7.7152,379.91,96.35,148,70.72,25.91,29.714,15.103,25.89,0.015,0,0,0,0,29.53,0.185,0,0,0.5614,10.766,694.23,10,18.22,42.52
Crawford,25,34.64049722,-106.7420472,2013,142.977,7.7003,363.92,120,239.75,96.46,32.49,34.425,29.548,31.99,0.023,0.00769,0,0.00769,0.4614,32.97,1.447,0.008,0,2.4993,15.653,1.46,0,18.75,47
Crawford,25,34.64049722,-106.7420472,2014,141.772,5.5017,336.5,79.96,206,82.99,45.39,31.444,6.151,40.6,4.786,0,0.0077,0,0,29.26,2.176,0,0.0077,0.6075,8.857,5.52,6,17.05,117.01
Crawford,25,34.64049722,-106.7420472,2015,120.738,8.778,707.92,189.55,280.3,152.36,75.64,58.125,18.592,73.58,2.046,0,0,0.00769,0,45.53,12.511,0.085,0,0.123,12.471,1.26,11.05,12.9,150.7
Mesilla,26,32.24832778,-106.8210139,2011,119.443,15.572,551.86,277.93,121.5,8.77,0,0.015,8.759,0,0,0,0,0,0,0.015,0,0,0,0,0.085,0.12,0,5.5,13.58
Mesilla,26,32.24832778,-106.8210139,2012,137.645,12.0983,,,107.45,33.04,3.01,0.008,30.029,0,3.007,0,0,0,0,0.008,0,0,0,0.0077,3.33,1.11,0,4,14.08
Mesilla,26,32.24832778,-106.8210139,2013,,,,,19.8,24.09,0,0.008,24.077,0,0,0,0,0,0,0.008,0,0,0,21.186,21.186,0.28,0,4.33,12.83
Mesilla,26,32.24832778,-106.8210139,2014,162.038,23.5754,,,190.5,4.62,2.24,0,2.384,2.23,0.008,0,0,0,0,0,0,0,0,0,0,11.12,0,3.89,10.83
Mesilla,26,32.24832778,-106.8210139,2015,175.315,31.6046,,,87.05,38.3,0,0,38.304,0,0,0,0,0,0,0,0,0,0,0,2.33,2.16,,,
Bosque Farms,27,34.84885,-106.7147222,2012,130.782,15.1364,339.97,93.64,32,221.2,212.43,2.95,5.82,204.44,7.981,0.00961,0,0,0,0.325,0.905,0,1.7196,14.385,14.991,26.36,51.08,9.33,612.9
Bosque Farms,27,34.84885,-106.7147222,2013,117.987,8.2422,436.44,140.47,142.25,186.5,164.82,18.444,3.237,154.84,9.754,0.2307,0,0,0,0.117,17.75,0,0.5768,26.8253,29.409,62.13,3,14.67,170.87
Bosque Farms,27,34.84885,-106.7147222,2014,120.741,4.5151,283.25,53.79,95,118.6,111.38,4.139,3.73,108.93,2.093,0,0.3537,0,0,0.024,3.807,0,0.3076,25.9768,34.77,102.36,,,
Bosque Farms,27,34.84885,-106.7147222,2015,,,,,,,,,,0,,,,,,,,,,,,,,,
Valle de Oro,28,34.978951,-106.680137,2014,127.658,8.7381,566.83,51.34,,28.22,0.38,0.092,27.753,0.03,0.346,0,0,0,0,0.092,0,0,0,0.1154,23.962,13.61,22.75,14.08,10.33
Valle de Oro,28,34.978951,-106.680137,2015,130.29,9.2686,1098.17,190.59,149.7,115.38,0.64,0.031,114.712,0.01,0.631,0,0,0,0,0,0,0.031,0,0.0154,49.947,0.66,27.46,17.83,73.85
Albq Overank Project,29,35.047531,-106.664012,2014,108.677,1.963,550.2,55.3,,121.31,84.05,30.187,7.071,52.6,30.675,0.00769,0,0,0.769,0.008,19.258,10.921,0,1.1638,8.228,12.83,1,15.7,51.67
Albq Overank Project,29,35.047531,-106.664012,2015,101.54,4.5139,1024.42,182.36,215.05,154.51,81,49.17,24.339,45.76,35.213,0.02307,0,0,0,0.015,25.538,23.616,0,1.9148,21.678,9.58,,,
State Land Office,30,34.967198,-106.685649,2014,122.891,4.9657,555.14,86.46,123.5,349.73,333.2,0.008,16.518,333.02,0.169,0,0,0,0.01538,0.008,0,0,0,33.1516,34.444,335.79,2,5.5,55.5
State Land Office,30,34.967198,-106.685649,2015,126.232,5.3917,1043,173.52,270.7,324.95,265.85,1.089,58.009,263.76,2.073,0.00854,0,0,0.00854,1.073,0,0.008,0.0077,45.8051,58.185,394.95,5,20.83,103.58
